id,name
1,연봉업계평균이상
2,연봉상위1%
3,연봉상위5%
4,연봉상위10%
5,연봉상위20%
6,인원성장
7,인원급성장
8,50명이하
9,300명이하
10,"1,000명이하"
11,"10,000명이하"
12,"10,001명이상"
13,설립3년이하
14,설립10년미만
15,설립10년이상
16,퇴사율5%이하
17,퇴사율10%이하
18,누적투자100억이상
19,수평적조직
20,스타트업
21,자율복장
22,워크샵
23,반려동물
24,야근없음
25,유연근무
26,주35시간
27,주4일근무
28,성과급
29,상여금
30,연말보너스
31,스톡옵션
32,Macbook
33,iMac
34,노트북
35,통신비
36,교육비
37,직무교육
38,도서구매비
39,세미나참가비
40,컨퍼런스참가비
41,자기계발
42,스터디지원
43,어학교육
44,해외연수
45,사내카페
46,사내식당
47,주차
48,수면실
49,휴게실
50,헬스장
51,위워크
52,수유실
53,안마의자
54,어린이집
55,보육시설
56,생일선물
57,결혼기념일
58,조식제공
59,중식제공
60,석식제공
61,시리얼
62,식비
63,간식
64,음료
65,맥주
66,커피
67,와인
68,샐러드
69,과일
70,의료비
71,건강검진
72,단체보험
73,동호회
74,복지포인트
75,운동비
76,문화비
77,육아휴직
78,출산휴가
79,리프레시휴가
80,택시비
81,차량지원
82,재택근무
83,원격근무
84,셔틀버스
85,기숙사
86,사택
87,인공지능
88,IoT
89,핀테크
90,푸드테크
91,산업기능요원
92,전문연구요원
93,대출지원