id,title,description,image_url,inner_image_url,inner_description
1,투자는 곧 채용,100억 이상 투자받은기업,https://static.wanted.co.kr/images/banners/themes/204_4d5bddfa.jpg,https://static.wanted.co.kr/images/banners/themes/204_b950166c.jpg,"투자 = 채용
100억 이상 투자 받은 고성장 기업 특집!"
2,We are Delivery Hero!,글로벌 푸드테크 시장을 개척합니다!,https://static.wanted.co.kr/images/banners/themes/243_73e0b12e.jpg,https://static.wanted.co.kr/images/banners/themes/243_5d159a4e.jpg,"국내 대표 주문배달 서비스 요기요, 배달통, 푸드플라이를 운영 중인 딜리버리히어로 코리아는 언제 어디서나 여러분의 식탁에 맛있는 즐거움을 배달합니다. 
독일 베를린 본사를 중심으로 전 세계 40개국에 진출해 데이터 기반의 혁신적인 푸드테크 기술을 통해 누구나 원하는 음식을 편리하게 맛볼수 있도록 돕고 있습니다. 
소비자에게는 간편한 주문 경험을 선사해주고, 레스토랑 파트너들에게는 더 많은 고객을 만날 수 있도록 도와 함께 사업 성장의 기회를 만들어 나가고 있습니다.

Always delivering an amazing experience!
딜리버리히어로 코리아는 맛있는 즐거움의 의미와 경험을 제공하는데 가장 큰 가치를 두고 푸드테크 서비스의 미래를 만들어 나갑니다.  "
3,"글로벌 커리어의 시작, 싱가폴","글로벌 커리어, 지금까지 꿈만 꾸셨나요?",https://static.wanted.co.kr/images/banners/themes/232_d993bee4.jpg,https://static.wanted.co.kr/images/banners/themes/232_e56c016a.jpg,"글로벌 커리어, 지금까지 꿈만 꾸셨나요?
이제 당신의 이야기가 됩니다!

Dyson부터 Sephora, Shopee, Twitter 등 수 많은 글로벌 기업이 싱가폴에서 당신을 기다립니다."
4,주 35시간 이하 근무 기업,주 35시간 이하 근무하는 기업을 알아보세요!,https://static.wanted.co.kr/images/banners/themes/201_8324e26b.jpg,https://static.wanted.co.kr/images/banners/themes/201_dcb869b6.jpg,워라벨 퍼스트!