id,countries_id,name
1,1,Taipei City
2,1,New Taipei City
3,1,Taoyuan City
4,1,Taichung City
5,1,Tainan City
6,1,Kaohsiung City
7,1,Keelung City
8,1,Hsin-chu City
9,1,Hsin-chu County
10,1,Miaoli County
11,1,Chaiyi City
12,1,Changhua County
13,1,Nantou County
14,1,Yunlin County
15,1,Chaiyi County
16,1,Pingtung County
17,1,Yalin County
18,1,Hualien County
19,1,Taitung County
20,1,Wuhu County
21,1,Jinmen County
22,1,Matsu
23,3,Tokyo
24,3,Kanagawa
25,3,Chiba
26,3,Aichi
27,3,Osaka
28,3,Hyogo
29,3,Kyoto
30,3,Hukuoka
31,3,Okinawa
32,3,Hokkaido
33,3,Saitama
34,3,Hioshima
35,3,Miyagi
36,3,Etc
37,4,서울
38,4,부산
39,4,대구
40,4,인천
41,4,광주
42,4,대전
43,4,울산
44,4,세종
45,4,경기
46,4,강원
47,4,충북
48,4,충남
49,4,전북
50,4,전남
51,4,경북
52,4,경남
53,4,제주