id,foundation_years_id,employees_id,industries_id,name,registration_number,revenue,description,email,contact_number,website,keyword,recommender,image_url,created_at,updated_at,deleted
1,50,1,19,왓챠,1234567890,1,hello,abc1@gmail.com,1000000001,,,,https://static.wanted.co.kr/images/wdes/0_5.ea590aaf.png,2018-12-18,,0
2,51,2,19,생각연구소,1234567891,2,hello,abc2@gmail.com,1000000002,,,,https://static.wanted.co.kr/images/wdes/0_5.63f3228a.jpg,2019-01-10,,0
3,52,4,19,엔에이치엔(NHN),1234567892,3,hello,abc3@gmail.com,1000000003,,,,https://static.wanted.co.kr/images/wdes/0_5.01eb6867.jpg,2019-01-27,,0
4,53,3,19,클래스101(Class101),1234567893,1,hello,abc4@gmail.com,1000000004,,,,https://static.wanted.co.kr/images/wdes/0_5.2d093183.jpg,2019-01-01,,0
5,54,5,19,Bepro,1234567894,2,hello,abc5@gmail.com,1000000005,,,,https://static.wanted.co.kr/images/wdes/0_5.9654adbc.jpg,2018-12-14,,0
6,55,1,13,퍼셉션,1234567895,3,hello,abc6@gmail.com,1000000006,,,,https://static.wanted.co.kr/images/wdes/0_5_9874424d-d214-4c5a-ad4f-fd6357bbbe62.jpg,2019-01-19,,0
7,56,2,21,블랭크(Blank),1234567896,1,hello,abc7@gmail.com,1000000007,,,,https://static.wanted.co.kr/images/wdes/0_5.7148819d.jpg,2019-01-22,,0
8,57,4,19,버킷플레이스(오늘의집),1234567897,2,hello,abc8@gmail.com,1000000008,,,,https://static.wanted.co.kr/images/wdes/0_5.2570f631.jpg,2019-01-08,,0
9,58,3,21,피피비스튜디오스(PPB Studios Co.),1234567898,3,hello,abc9@gmail.com,1000000009,,,,https://static.wanted.co.kr/images/wdes/0_5_aaa1b1d7-e36e-45a3-b59b-1f762ba1cfbf.jpg,2019-01-14,,0
10,59,5,19,원티드랩,1234567899,1,hello,abc10@gmail.com,1000000010,,,,https://static.wanted.co.kr/images/wdes/0_5.ce4fd8b1.jpg,2018-12-26,,0
11,60,6,19,빙글(Vingle),1234567900,2,hello,abc11@gmail.com,1000000011,,,,https://static.wanted.co.kr/images/wdes/0_5.63006393.jpg,2019-01-06,,0
12,61,7,5,스마트스터디(SMARTSTUDY),1234567901,3,hello,abc12@gmail.com,1000000012,,,,https://static.wanted.co.kr/images/wdes/0_5_947e344b-8d47-46bd-8ce1-6c26675f2528.jpg,2018-12-30,,0
13,62,8,19,Aucfan,1234567902,1,hello,abc13@gmail.com,1000000013,,,,https://static.wanted.co.kr/images/wdes/0_5_3136d2b1-f96d-43e4-bcf0-a943cabc2b9c.jpg,2018-12-31,,0
14,63,2,19,아만다(테크랩스),1234567903,2,hello,abc14@gmail.com,1000000014,,,,https://static.wanted.co.kr/images/wdes/0_5.8a601ab2.png,2019-01-23,,0
15,64,4,5,코드스테이츠 (CodeStates),1234567904,3,hello,abc15@gmail.com,1000000015,,,,https://static.wanted.co.kr/images/wdes/0_5.11b96b60.jpg,2019-02-05,,0
16,65,3,19,크로키닷컴(ZIGZAG/지그재그),1234567905,4,hello,abc16@gmail.com,1000000016,,,,https://static.wanted.co.kr/images/wdes/0_5.7168a655.jpg,2019-01-20,,0
17,66,5,19,크몽(kmong),1234567906,3,hello,abc17@gmail.com,1000000017,,,,https://static.wanted.co.kr/images/wdes/0_5.9b334f01.jpg,2018-12-29,,0
18,67,9,21,텐바이텐,1234567907,2,hello,abc18@gmail.com,1000000018,,,,https://static.wanted.co.kr/images/wdes/0_5.6a7fc1f8.jpg,2019-01-11,,0
19,68,2,19,리메이크디지털,1234567908,1,hello,abc19@gmail.com,1000000019,,,,https://static.wanted.co.kr/images/wdes/0_5.2a0ae697.jpg,2019-02-11,,0
20,69,4,19,리디(RIDI),1234567909,2,hello,abc20@gmail.com,1000000020,,,,https://static.wanted.co.kr/images/wdes/0_5_9b1bc4ea-ce48-4290-a2a4-d147decd1729.jpg,2018-12-27,,0
21,70,3,21,프레드(FRED),1234567910,3,hello,abc21@gmail.com,1000000021,,,,https://static.wanted.co.kr/images/wdes/0_5_aa8b7fbe-5c8e-42c8-b072-028a7a4b5954.jpg,2018-12-17,,0
22,71,5,8,WeWork Japan,1234567911,4,hello,abc22@gmail.com,1000000022,,,,https://static.wanted.co.kr/images/wdes/0_5.d113ca2c.jpg,2019-01-05,,0
23,72,1,21,컬리,1234567912,3,hello,abc23@gmail.com,1000000023,,,,https://static.wanted.co.kr/images/wdes/0_5.c3e70546.jpg,2019-01-17,,0
24,73,2,19,미스터픽,1234567913,2,hello,abc24@gmail.com,1000000024,,,,https://static.wanted.co.kr/images/wdes/0_5.fba4f3ac.jpg,2019-01-18,,0
25,74,4,19,카카오모빌리티(KakaoMobility),1234567914,1,hello,abc25@gmail.com,1000000025,,,,https://static.wanted.co.kr/images/wdes/0_5.5cf04d5c.jpg,2018-12-25,,0
26,75,3,20,파런테즈,1234567915,2,hello,abc26@gmail.com,1000000026,,,,https://static.wanted.co.kr/images/wdes/0_5.e0e97c97.jpg,2018-12-23,,0
27,76,5,19,힐링페이퍼(강남언니),1234567916,3,hello,abc27@gmail.com,1000000027,,,,https://static.wanted.co.kr/images/wdes/0_5.d6a0de48.jpg,2019-02-01,,0
28,77,1,19,야놀자Tech(R&D),1234567917,1,hello,abc28@gmail.com,1000000028,,,,https://static.wanted.co.kr/images/wdes/0_5_35b131c9-5b04-4248-a0bd-1f39240406df.jpg,2019-01-03,,0
29,78,2,19,피플인사이드,1234567918,4,hello,abc29@gmail.com,1000000029,,,,https://static.wanted.co.kr/images/wdes/865_5_logo_people.jpg,2019-02-06,,0
30,79,4,19,에이아이트릭스(AITRICS),1234567919,2,hello,abc30@gmail.com,1000000030,,,,https://static.wanted.co.kr/images/wdes/0_5.ac94fe75.jpg,2019-02-09,,0
31,80,3,19,퀄슨,1234567920,3,hello,abc31@gmail.com,1000000031,,,,https://static.wanted.co.kr/images/wdes/0_5_ca1ebc16-32b8-4249-a0a5-66b029de4e8b.jpg,2019-01-25,,0
32,81,5,19,Twitter,1234567921,1,hello,abc32@gmail.com,1000000032,,,,https://static.wanted.co.kr/images/wdes/0_5.406fa366.jpg,2018-12-16,,0
33,82,1,19,콘버스(CONBUS),1234567922,2,hello,abc33@gmail.com,1000000033,,,,https://static.wanted.co.kr/images/wdes/0_5.852eebb0.jpg,2019-02-02,,0
34,83,2,19,콘텐츠웨이브(wavve),1234567923,1,hello,abc34@gmail.com,1000000034,,,,https://static.wanted.co.kr/images/wdes/0_5.ed8b1f44.jpg,2018-12-22,,0
35,84,4,5,클래스팅(Classting),1234567924,3,hello,abc35@gmail.com,1000000035,,,,https://static.wanted.co.kr/images/wdes/0_5_9db78159-84a6-49e0-86d5-4db0fa013266.jpg,2019-01-26,,0
36,85,3,19,드라마앤컴퍼니(리멤버),1234567925,1,hello,abc36@gmail.com,1000000036,,,,https://static.wanted.co.kr/images/wdes/0_5.36a5ae43.jpg,2019-01-28,,0
37,86,5,19,엔젤스윙,1234567926,4,hello,abc37@gmail.com,1000000037,,,,https://static.wanted.co.kr/images/wdes/0_5.49b960cc.jpg,2019-02-08,,0
38,87,6,19,와디즈,1234567927,1,hello,abc38@gmail.com,1000000038,,,,https://static.wanted.co.kr/images/wdes/0_5.1c9e67bc.jpg,2019-01-31,,0
39,88,7,10,메쉬코리아(부릉),1234567928,3,hello,abc39@gmail.com,1000000039,,,,https://static.wanted.co.kr/images/wdes/0_5.1d4b9910.jpg,2019-01-02,,0
40,89,1,19,오피지지(OP.GG),1234567929,2,hello,abc40@gmail.com,1000000040,,,,https://static.wanted.co.kr/images/wdes/0_5.21c2940a.jpg,2018-12-28,,0
41,90,5,19,뤼이드(Riiid),1234567930,1,hello,abc41@gmail.com,1000000041,,,,https://static.wanted.co.kr/images/wdes/0_5_dfb146c9-64ed-4b4a-84be-7871ec6aacc2.jpg,2019-02-07,,0
42,91,4,19,쿠팡,1234567931,3,hello,abc42@gmail.com,1000000042,,,,https://static.wanted.co.kr/images/wdes/256_5_logo_coupang.png,2019-02-04,,0
43,92,3,19,Sendbird(센드버드),1234567932,1,hello,abc43@gmail.com,1000000043,,,,https://static.wanted.co.kr/images/wdes/0_5.edea56e2.png,2019-01-21,,0
44,93,7,19,딜리셔스,1234567933,2,hello,abc44@gmail.com,1000000044,,,,https://static.wanted.co.kr/images/wdes/0_5.239c7f9f.jpg,2019-02-03,,0
45,94,6,19,하이퍼커넥트,1234567934,3,hello,abc45@gmail.com,1000000045,,,,https://static.wanted.co.kr/images/wdes/0_5.8e46863d.jpg,2019-01-13,,0
46,95,5,19,비바리퍼블리카(Toss),1234567935,3,hello,abc46@gmail.com,1000000046,,,,https://static.wanted.co.kr/images/wdes/0_5.18dfe4ff.jpg,2019-01-16,,0
47,96,1,5,패스트캠퍼스,1234567936,2,hello,abc47@gmail.com,1000000047,,,,https://static.wanted.co.kr/images/wdes/0_5.22b11689.jpg,2018-12-13,,0
48,97,2,19,백패커(idus),1234567937,1,hello,abc48@gmail.com,1000000048,,,,https://static.wanted.co.kr/images/wdes/0_5.59aa83d7.jpg,2019-01-09,,0
49,98,4,19,딜리버리히어로 코리아 (Delivery Hero Korea),1234567938,2,hello,abc49@gmail.com,1000000049,,,,https://static.wanted.co.kr/images/wdes/0_5.203e397a.jpg,2019-02-10,,0
50,99,3,19,Seedly,1234567939,3,hello,abc50@gmail.com,1000000050,,,,https://static.wanted.co.kr/images/wdes/0_5.1299f982.png,2018-12-21,,0
51,100,5,11,Fleischhacker,1234567940,1,hello,abc51@gmail.com,1000000051,,,,https://static.wanted.co.kr/images/wdes/0_5.e1727d00.png,2019-01-29,,0
52,101,9,7,Hashstacs,1234567941,4,hello,abc52@gmail.com,1000000052,,,,https://static.wanted.co.kr/images/wdes/0_5.a04aea4b.png,2018-12-15,,0
53,102,8,19,Zuhlke Engineering Hong Kong Ltd,1234567942,2,hello,abc53@gmail.com,1000000053,,,,https://static.wanted.co.kr/images/wdes/0_5.5d3a88ee.jpg,2019-01-24,,0
54,103,7,19,Carousell,1234567943,3,hello,abc54@gmail.com,1000000054,,,,https://static.wanted.co.kr/images/wdes/0_5.185da10c.png,2018-12-19,,0
55,104,8,19,Zuhlke,1234567944,1,hello,abc55@gmail.com,1000000055,,,,https://static.wanted.co.kr/images/wdes/0_5.8fde17d8.jpg,2019-01-30,,0
56,105,7,19,Capgemini Singapore,1234567945,2,hello,abc56@gmail.com,1000000056,,,,https://static.wanted.co.kr/images/wdes/0_5.6da6dcbb.png,2018-12-20,,0
57,106,6,7,Endowus,1234567946,3,hello,abc57@gmail.com,1000000057,,,,https://static.wanted.co.kr/images/wdes/0_5.168685a9.png,2019-01-12,,0
58,107,1,21,Sephora,1234567947,4,hello,abc58@gmail.com,1000000058,,,,https://static.wanted.co.kr/images/wdes/0_5.5afbbc15.jpg,2019-01-07,,0
59,108,2,19,알투브이,1234567948,2,hello,abc59@gmail.com,1000000059,,,,https://static.wanted.co.kr/images/wdes/0_5.c01ea594.jpg,2018-12-24,,0
60,109,4,12,집토스(Ziptoss),1234567949,3,hello,abc60@gmail.com,1000000060,,,,https://static.wanted.co.kr/images/wdes/0_5.7b0037d9.jpg,2019-01-15,,0
61,110,3,19,여기어때컴퍼니,1234567950,1,hello,abc61@gmail.com,1000000061,,,,https://static.wanted.co.kr/images/wdes/0_5.c341accc.jpg,2019-01-04,,0
62,111,5,19,우아한형제들(배달의민족),1234567951,2,hello,abc62@gmail.com,1000000062,,,,https://static.wanted.co.kr/images/wdes/0_5.8f75d757.jpg,2019-02-13,,0
63,112,7,19,팀블라인드(Teamblind),1234567952,3,hello,abc63@gmail.com,1000000063,,,,https://static.wanted.co.kr/images/wdes/0_5.84e4208f.jpg,2018-12-12,,0
64,113,6,6,링크(Liberty in North Korea),1234567953,1,hello,abc64@gmail.com,1000000064,,,,https://static.wanted.co.kr/images/wdes/0_5.e22ac8aa.jpg,2019-02-12,,0