id,companies_id,image_url
1,1,https://static.wanted.co.kr/images/company/29/17840_2_0.__1080_790.jpg
2,1,https://static.wanted.co.kr/images/company/29/17840_2_1.__1080_790.jpg
3,1,https://static.wanted.co.kr/images/company/29/17840_2_2.__1080_790.jpg
4,1,https://static.wanted.co.kr/images/company/29/17840_2_3.__1080_790.jpg
5,1,https://static.wanted.co.kr/images/company/29/17840_2_4.__1080_790.jpg
6,1,https://static.wanted.co.kr/images/company/29/17840_2_5.__1080_790.jpg
7,1,https://static.wanted.co.kr/images/company/29/17840_2_6.__1080_790.jpg
8,1,https://static.wanted.co.kr/images/company/29/17840_2_7.__1080_790.jpg
9,2,https://static.wanted.co.kr/images/company/3545/vndzqxrszj9vdriq__1080_790.jpg
10,2,https://static.wanted.co.kr/images/company/3545/rnd39fbrbado3c5m__1080_790.jpg
11,2,https://static.wanted.co.kr/images/company/3545/aqngg5s9t7wltzjd__1080_790.jpg
12,2,https://static.wanted.co.kr/images/company/3545/utnuddvbi9q7kbjw__1080_790.jpg
13,2,https://static.wanted.co.kr/images/company/3545/mcdaszsmjvfcw4iw__1080_790.jpg
14,2,https://static.wanted.co.kr/images/company/3545/vqayorpsejm2iyjj__1080_790.jpg
15,2,https://static.wanted.co.kr/images/company/3545/t1nm0n6h4wbokkin__1080_790.jpg
16,2,https://static.wanted.co.kr/images/company/3545/emjl3gfmkivmd5ac__1080_790.jpg
17,2,https://static.wanted.co.kr/images/company/3545/2xou4qdiszkprafg__1080_790.jpg
18,2,https://static.wanted.co.kr/images/company/3545/nwklufj55xj1jata__1080_790.jpg
19,2,https://static.wanted.co.kr/images/company/3545/fidvs7npi7nphk7q__1080_790.jpg
20,3,https://static.wanted.co.kr/images/company/70/17258_2_0.__1080_790.jpg
21,3,https://static.wanted.co.kr/images/company/70/x2y8vqlvq3k77kqe__1080_790.jpg
22,4,https://static.wanted.co.kr/images/company/3257/arga8orgrzn1zc1k__1080_790.jpg
23,4,https://static.wanted.co.kr/images/company/3257/lmggs1ddjobd9ftu__1080_790.jpg
24,6,https://static.wanted.co.kr/images/company/1363/p4unt3snnugfuvjg__1080_790.jpg
25,6,https://static.wanted.co.kr/images/company/1363/vbouhc3b0xhywcag__1080_790.jpg
26,6,https://static.wanted.co.kr/images/company/1363/8540_2_2.cd39c4c6__1080_790.jpg
27,6,https://static.wanted.co.kr/images/company/1363/8540_2_0.542b99a5__1080_790.jpg
28,7,https://static.wanted.co.kr/images/company/2715/szyjy1h7bvrt5mq4__1080_790.jpg
29,7,https://static.wanted.co.kr/images/company/2715/hw3o20kwvvst7u3g__1080_790.jpg
30,7,https://static.wanted.co.kr/images/company/2715/pb10tzwon33bhetb__1080_790.jpg
31,7,https://static.wanted.co.kr/images/company/2715/7hkox80tq3vlqr2n__1080_790.jpg
32,7,https://static.wanted.co.kr/images/company/2715/5sse6eyc5rqcwnpe__1080_790.jpg
33,7,https://static.wanted.co.kr/images/company/2715/wn7m82s8ugsjl1hs__1080_790.jpg
34,7,https://static.wanted.co.kr/images/company/2715/3gsayh55yzhatcjj__1080_790.jpg
35,7,https://static.wanted.co.kr/images/company/2715/he22d9vq8yiuvrbq__1080_790.jpg
36,8,https://static.wanted.co.kr/images/company/179/ldfkutjae6ivldyt__1080_790.jpg
37,8,https://static.wanted.co.kr/images/company/179/7mrixah2knl0jukj__1080_790.jpg
38,8,https://static.wanted.co.kr/images/company/179/mjdvlg99l8icoy13__1080_790.jpg
39,8,https://static.wanted.co.kr/images/company/179/tfz8bj5prvjlicgj__1080_790.jpg
40,8,https://static.wanted.co.kr/images/company/179/utk1hgso0ywcwadm__1080_790.jpg
41,8,https://static.wanted.co.kr/images/company/179/qiwoaczctgolrued__1080_790.jpg
42,8,https://static.wanted.co.kr/images/company/179/8qoccycetd3pxidn__1080_790.jpg
43,8,https://static.wanted.co.kr/images/company/179/vo0ph6c9rrhsx4q7__1080_790.jpg
44,8,https://static.wanted.co.kr/images/company/179/ypfznoifmzce8y8a__1080_790.jpg
45,8,https://static.wanted.co.kr/images/company/179/yhvnbhnipamewlxn__1080_790.jpg
46,9,https://static.wanted.co.kr/images/company/810/2442_2_0.__1080_790.jpg
47,9,https://static.wanted.co.kr/images/company/810/2442_2_1.__1080_790.jpg
48,9,https://static.wanted.co.kr/images/company/810/2442_2_2.__1080_790.jpg
49,9,https://static.wanted.co.kr/images/company/810/2442_2_3.bfcc2876__1080_790.jpg
50,9,https://static.wanted.co.kr/images/company/810/2442_2_4.d3e80c2e__1080_790.jpg
51,9,https://static.wanted.co.kr/images/company/810/2442_2_5.__1080_790.jpg
52,10,https://static.wanted.co.kr/images/company/79/osol7sjguseux3gu__1080_790.jpg
53,10,https://static.wanted.co.kr/images/company/79/jzx6hwschsfk6m7v__1080_790.jpg
54,10,https://static.wanted.co.kr/images/company/79/1bt9uavdpq4kh6zf__1080_790.jpg
55,10,https://static.wanted.co.kr/images/company/79/iqbnxwqambdmoyol__1080_790.jpg
56,10,https://static.wanted.co.kr/images/company/79/ny7vrwqp99qitarn__1080_790.jpg
57,10,https://static.wanted.co.kr/images/company/79/kli18mpyxgt1eirt__1080_790.jpg
58,10,https://static.wanted.co.kr/images/company/79/az3masnm9zqspfiv__1080_790.jpg
59,10,https://static.wanted.co.kr/images/company/79/qveela8fy3b7ijuf__1080_790.jpg
60,10,https://static.wanted.co.kr/images/company/79/60mlyrwletsbjmzz__1080_790.jpg
61,10,https://static.wanted.co.kr/images/company/79/bjlcvkhqmlqnbtg8__1080_790.jpg
62,11,https://static.wanted.co.kr/images/company/2/2121_2_0.8962693e__1080_790.jpg
63,11,https://static.wanted.co.kr/images/company/2/2121_2_1.a13d1dec__1080_790.png
64,12,https://static.wanted.co.kr/images/company/73/17420_2_0.edd88dbf__1080_790.jpg
65,12,https://static.wanted.co.kr/images/company/73/17420_2_2.__1080_790.jpg
66,12,https://static.wanted.co.kr/images/company/73/17420_2_3.__1080_790.jpg
67,13,https://static.wanted.co.kr/images/company/1057/3317_2_0.__1080_790.jpg
68,13,https://static.wanted.co.kr/images/company/1057/3317_2_1.__1080_790.jpg
69,13,https://static.wanted.co.kr/images/company/1057/3317_2_2.__1080_790.jpg
70,14,https://static.wanted.co.kr/images/company/112/zu0ypbh9d0bi0bpu__1080_790.jpg
71,14,https://static.wanted.co.kr/images/company/112/xi5eapg5cui3qxz4__1080_790.jpg
72,14,https://static.wanted.co.kr/images/company/112/v2gkervu4ln3x3i2__1080_790.jpg
73,14,https://static.wanted.co.kr/images/company/112/4k1zvtu7vtvazd0e__1080_790.jpg
74,14,https://static.wanted.co.kr/images/company/112/sqqfriehohjozftm__1080_790.jpg
75,14,https://static.wanted.co.kr/images/company/112/xwwmmd9pukv8bxqz__1080_790.jpg
76,14,https://static.wanted.co.kr/images/company/112/47alncosrsb6zavg__1080_790.jpg
77,14,https://static.wanted.co.kr/images/company/112/d5revpmnwuh3jg8x__1080_790.jpg
78,14,https://static.wanted.co.kr/images/company/112/ruskwbmqxnpugnrp__1080_790.jpg
79,14,https://static.wanted.co.kr/images/company/112/byrydeoeukg1epuf__1080_790.jpg
80,15,https://static.wanted.co.kr/images/company/2078/17403_2_0.81e6e7c1__1080_790.jpg
81,15,https://static.wanted.co.kr/images/company/2078/17403_2_1.b78c3ff0__1080_790.jpg
82,15,https://static.wanted.co.kr/images/company/2078/17403_2_2.ecaa66f7__1080_790.jpg
83,15,https://static.wanted.co.kr/images/company/2078/17403_2_3.ea12619a__1080_790.jpg
84,15,https://static.wanted.co.kr/images/company/2078/17403_2_4.f4644a30__1080_790.jpg
85,15,https://static.wanted.co.kr/images/company/2078/17403_2_5.38eb4be2__1080_790.jpg
86,15,https://static.wanted.co.kr/images/company/2078/17403_2_6.6518b9b0__1080_790.jpg
87,15,https://static.wanted.co.kr/images/company/2078/17403_2_7.0638d5d4__1080_790.jpg
88,15,https://static.wanted.co.kr/images/company/2078/6a7qsjgrltcq8rqx__1080_790.jpg
89,15,https://static.wanted.co.kr/images/company/2078/1unuukhkd3b89d8n__1080_790.jpg
90,16,https://static.wanted.co.kr/images/company/506/dtmfb8owtgurptwv__1080_790.jpg
91,16,https://static.wanted.co.kr/images/company/506/8jgpr9ojtarjgtkm__1080_790.jpg
92,16,https://static.wanted.co.kr/images/company/506/uujgyiqcrhvp7z1d__1080_790.jpg
93,16,https://static.wanted.co.kr/images/company/506/hupyg19h2skogwa8__1080_790.jpg
94,17,https://static.wanted.co.kr/images/company/2051/14102_2_3.8c27c89d__1080_790.jpg
95,17,https://static.wanted.co.kr/images/company/2051/14102_2_2.a1b6c4a6__1080_790.jpg
96,17,https://static.wanted.co.kr/images/company/2051/14102_2_4.05fcabfe__1080_790.jpg
97,17,https://static.wanted.co.kr/images/company/2051/14102_2_5.a00064f9__1080_790.jpg
98,17,https://static.wanted.co.kr/images/company/2051/14102_2_6.faf3384f__1080_790.jpg
99,17,https://static.wanted.co.kr/images/company/2051/14102_2_7.1f302818__1080_790.jpg
100,17,https://static.wanted.co.kr/images/company/2051/14102_2_0.eca06cf9__1080_790.jpg
101,18,https://static.wanted.co.kr/images/company/1044/17462_2_0.__1080_790.jpg
102,18,https://static.wanted.co.kr/images/company/1044/17462_2_1.__1080_790.jpg
103,18,https://static.wanted.co.kr/images/company/1044/17462_2_2.__1080_790.jpg
104,18,https://static.wanted.co.kr/images/company/1044/17462_2_3.__1080_790.jpg
105,18,https://static.wanted.co.kr/images/company/1044/17462_2_4.__1080_790.jpg
106,18,https://static.wanted.co.kr/images/company/1044/17462_2_5.__1080_790.jpg
107,18,https://static.wanted.co.kr/images/company/1044/17462_2_6.__1080_790.jpg
108,18,https://static.wanted.co.kr/images/company/1044/17462_2_7.__1080_790.jpg
109,19,https://static.wanted.co.kr/images/company/8864/cvsx8ujyuomgjbdt__1080_790.jpg
110,19,https://static.wanted.co.kr/images/company/8864/w7mymolqnmfav6cm__1080_790.jpg
111,19,https://static.wanted.co.kr/images/company/8864/pmjgo9bb22zplxhi__1080_790.jpg
112,19,https://static.wanted.co.kr/images/company/8864/qdlfykrz8hbwh2lk__1080_790.jpg
113,19,https://static.wanted.co.kr/images/company/8864/rmuj8ehlionoabxd__1080_790.jpg
114,19,https://static.wanted.co.kr/images/company/8864/hh7zdqwg4siuvrai__1080_790.jpg
115,20,https://static.wanted.co.kr/images/company/5/znamut3eozg5hvpl__1080_790.jpg
116,20,https://static.wanted.co.kr/images/company/5/15100_2_2.__1080_790.jpg
117,20,https://static.wanted.co.kr/images/company/5/15100_2_0.__1080_790.jpg
118,20,https://static.wanted.co.kr/images/company/5/j7hbdq9tnzb0zckx__1080_790.jpg
119,20,https://static.wanted.co.kr/images/company/5/15100_2_3.__1080_790.jpg
120,20,https://static.wanted.co.kr/images/company/5/ruyzdvslamfiiauh__1080_790.jpg
121,20,https://static.wanted.co.kr/images/company/5/azluoyowliz4kmui__1080_790.jpg
122,20,https://static.wanted.co.kr/images/company/5/pjfyee6hdcktzfyc__1080_790.jpg
123,20,https://static.wanted.co.kr/images/company/5/mp6dlzmlsenqsveg__1080_790.jpg
124,20,https://static.wanted.co.kr/images/company/5/15100_2_5.__1080_790.jpg
125,20,https://static.wanted.co.kr/images/company/5/xj3vbmmikdjnvvnt__1080_790.jpg
126,21,https://static.wanted.co.kr/images/company/226/1818_2_0.__1080_790.jpg
127,21,https://static.wanted.co.kr/images/company/226/1818_2_2.__1080_790.jpg
128,21,https://static.wanted.co.kr/images/company/226/1818_2_3.__1080_790.jpg
129,21,https://static.wanted.co.kr/images/company/226/1818_2_4.__1080_790.jpg
130,21,https://static.wanted.co.kr/images/company/226/1818_2_5.__1080_790.jpg
131,21,https://static.wanted.co.kr/images/company/226/1818_2_6.e7666410__1080_790.jpg
132,22,https://static.wanted.co.kr/images/company/2236/17293_2_0.c31773f5__1080_790.jpg
133,22,https://static.wanted.co.kr/images/company/2236/17293_2_1.bf1746d4__1080_790.jpg
134,22,https://static.wanted.co.kr/images/company/2236/17293_2_2.679a1c0d__1080_790.jpg
135,22,https://static.wanted.co.kr/images/company/2236/17293_2_3.1f1c1de4__1080_790.jpg
136,22,https://static.wanted.co.kr/images/company/2236/17293_2_4.7ff48573__1080_790.jpg
137,22,https://static.wanted.co.kr/images/company/2236/17293_2_5.ca560925__1080_790.jpg
138,23,https://static.wanted.co.kr/images/company/426/17399_2_0.__1080_790.jpg
139,23,https://static.wanted.co.kr/images/company/426/17399_2_1.__1080_790.jpg
140,24,https://static.wanted.co.kr/images/company/1331/17835_2_0.__1080_790.jpg
141,24,https://static.wanted.co.kr/images/company/1331/17835_2_1.__1080_790.jpg
142,24,https://static.wanted.co.kr/images/company/1331/17835_2_2.__1080_790.jpg
143,24,https://static.wanted.co.kr/images/company/1331/17835_2_3.__1080_790.jpg
144,24,https://static.wanted.co.kr/images/company/1331/17835_2_4.__1080_790.jpg
145,24,https://static.wanted.co.kr/images/company/1331/17835_2_5.__1080_790.jpg
146,24,https://static.wanted.co.kr/images/company/1331/17835_2_6.__1080_790.jpg
147,24,https://static.wanted.co.kr/images/company/1331/17835_2_7.__1080_790.jpg
148,24,https://static.wanted.co.kr/images/company/1331/17835_2_8.__1080_790.jpg
149,25,https://static.wanted.co.kr/images/company/1682/15971_2_0.__1080_790.jpg
150,25,https://static.wanted.co.kr/images/company/1682/15971_2_1.593da890__1080_790.jpg
151,25,https://static.wanted.co.kr/images/company/1682/15971_2_2.__1080_790.jpg
152,25,https://static.wanted.co.kr/images/company/1682/15971_2_3.__1080_790.jpg
153,25,https://static.wanted.co.kr/images/company/1682/15971_2_4.__1080_790.jpg
154,25,https://static.wanted.co.kr/images/company/1682/15971_2_5.__1080_790.jpg
155,25,https://static.wanted.co.kr/images/company/1682/15971_2_6.__1080_790.jpg
156,25,https://static.wanted.co.kr/images/company/1682/15971_2_7.__1080_790.jpg
157,25,https://static.wanted.co.kr/images/company/1682/15971_2_8.__1080_790.jpg
158,25,https://static.wanted.co.kr/images/company/1682/15971_2_9.__1080_790.jpg
159,25,https://static.wanted.co.kr/images/company/1682/15971_2_10.__1080_790.jpg
160,26,https://static.wanted.co.kr/images/company/3786/16996_2_0.7b23eb48__1080_790.jpg
161,26,https://static.wanted.co.kr/images/company/3786/16996_2_1.fb264348__1080_790.jpg
162,26,https://static.wanted.co.kr/images/company/3786/16996_2_2.05a0fcbd__1080_790.jpeg
163,26,https://static.wanted.co.kr/images/company/3786/16996_2_3.614854f5__1080_790.jpg
164,26,https://static.wanted.co.kr/images/company/3786/16996_2_4.2ac76a28__1080_790.jpg
165,26,https://static.wanted.co.kr/images/company/3786/16996_2_5.a066280c__1080_790.jpg
166,26,https://static.wanted.co.kr/images/company/3786/16996_2_6.f51cfe25__1080_790.jpg
167,26,https://static.wanted.co.kr/images/company/3786/16996_2_7.db285b30__1080_790.jpg
168,26,https://static.wanted.co.kr/images/company/3786/16996_2_8.b15749f3__1080_790.jpg
169,26,https://static.wanted.co.kr/images/company/3786/16996_2_9.2937a791__1080_790.jpg
170,27,https://static.wanted.co.kr/images/company/1343/eegyu07dxc0usejc__1080_790.jpg
171,27,https://static.wanted.co.kr/images/company/1343/wenwegaslhbjdpzn__1080_790.jpg
172,27,https://static.wanted.co.kr/images/company/1343/pgulos9kiw49y7qo__1080_790.jpg
173,27,https://static.wanted.co.kr/images/company/1343/y5rfhe9cl3oypqhb__1080_790.jpg
174,27,https://static.wanted.co.kr/images/company/1343/iqwlks20el0eoera__1080_790.jpg
175,27,https://static.wanted.co.kr/images/company/1343/9h3v7jyiax3rdaqm__1080_790.jpg
176,27,https://static.wanted.co.kr/images/company/1343/j36ygdooreja5vgm__1080_790.jpg
177,28,https://static.wanted.co.kr/images/company/52/17418_2_0.abfaf8d8__1080_790.jpg
178,28,https://static.wanted.co.kr/images/company/52/17418_2_1.384b4f30__1080_790.jpg
179,28,https://static.wanted.co.kr/images/company/52/17418_2_2.f7f2a03a__1080_790.jpg
180,28,https://static.wanted.co.kr/images/company/52/17418_2_3.0190faf6__1080_790.jpg
181,28,https://static.wanted.co.kr/images/company/52/17418_2_4.b5b3f791__1080_790.jpg
182,28,https://static.wanted.co.kr/images/company/52/17418_2_5.de8fe190__1080_790.jpg
183,28,https://static.wanted.co.kr/images/company/52/17418_2_6.d9841ead__1080_790.jpg
184,29,https://static.wanted.co.kr/images/company/174/866_2_0.c7cf9fdb__1080_790.jpg
185,29,https://static.wanted.co.kr/images/company/174/866_2_5.74fd92d5__1080_790.jpg
186,29,https://static.wanted.co.kr/images/company/174/866_2_1.8a21062b__1080_790.jpg
187,29,https://static.wanted.co.kr/images/company/174/866_2_2.70594c94__1080_790.jpg
188,29,https://static.wanted.co.kr/images/company/174/866_2_3.dc7cdf44__1080_790.jpg
189,29,https://static.wanted.co.kr/images/company/174/866_2_4.bced5e3d__1080_790.jpg
190,30,https://static.wanted.co.kr/images/company/3716/bxdh83eknhxtlmcr__1080_790.jpg
191,30,https://static.wanted.co.kr/images/company/3716/13912_2_2.d5170d81__1080_790.jpg
192,30,https://static.wanted.co.kr/images/company/3716/vjfjzepq6b838bcq__1080_790.jpg
193,30,https://static.wanted.co.kr/images/company/3716/rppfanxq7dzl0qbf__1080_790.jpg
194,30,https://static.wanted.co.kr/images/company/3716/egell5tbvkkhzvea__1080_790.jpg
195,30,https://static.wanted.co.kr/images/company/3716/lqk9qugn2hsj1lrv__1080_790.jpg
196,30,https://static.wanted.co.kr/images/company/3716/288pnqoi1qo6lnml__1080_790.jpg
197,31,https://static.wanted.co.kr/images/company/1291/bng1icyqurlgvwlc__1080_790.jpg
198,31,https://static.wanted.co.kr/images/company/1291/8dkukcd1zcdep53p__1080_790.jpg
199,31,https://static.wanted.co.kr/images/company/1291/0yyxdvynyndjdf6e__1080_790.jpg
200,31,https://static.wanted.co.kr/images/company/1291/ca81kaauqbllflay__1080_790.jpg
201,31,https://static.wanted.co.kr/images/company/1291/phc9ynthxjv4xxum__1080_790.jpg
202,31,https://static.wanted.co.kr/images/company/1291/zvbmqnjgvv2qhrjn__1080_790.jpg
203,31,https://static.wanted.co.kr/images/company/1291/j4uf9ascpan8hby5__1080_790.jpg
204,31,https://static.wanted.co.kr/images/company/1291/3ogcr6xy8zcv9p9d__1080_790.jpg
205,31,https://static.wanted.co.kr/images/company/1291/kzog5igmwzkn9taj__1080_790.jpg
206,31,https://static.wanted.co.kr/images/company/1291/snlhxgo7cz4vrk86__1080_790.jpg
207,32,https://static.wanted.co.kr/images/company/3735/16992_2_0.47c184a1__1080_790.jpg
208,32,https://static.wanted.co.kr/images/company/3735/16992_2_1.cd6e9f39__1080_790.jpg
209,32,https://static.wanted.co.kr/images/company/3735/16992_2_2.ad5eb771__1080_790.jpg
210,32,https://static.wanted.co.kr/images/company/3735/16992_2_3.884cec6d__1080_790.jpg
211,33,https://static.wanted.co.kr/images/company/159/txp4xljepzbw6hnk__1080_790.jpg
212,33,https://static.wanted.co.kr/images/company/159/mkqpknzjziho6uaz__1080_790.jpg
213,34,https://static.wanted.co.kr/images/company/2196/fyacsrhzfwglntoh__1080_790.jpg
214,34,https://static.wanted.co.kr/images/company/2196/tsyd3rcv76pck6ku__1080_790.jpg
215,34,https://static.wanted.co.kr/images/company/2196/7ooedlwpylvdbdnx__1080_790.jpg
216,34,https://static.wanted.co.kr/images/company/2196/9030_2_3.__1080_790.jpg
217,34,https://static.wanted.co.kr/images/company/2196/9030_2_5.__1080_790.jpg
218,34,https://static.wanted.co.kr/images/company/2196/9030_2_6.__1080_790.jpg
219,34,https://static.wanted.co.kr/images/company/2196/9030_2_7.__1080_790.jpg
220,34,https://static.wanted.co.kr/images/company/2196/9030_2_8.__1080_790.jpg
221,35,https://static.wanted.co.kr/images/company/733/5x75j58ipxlbgh0t__1080_790.jpg
222,35,https://static.wanted.co.kr/images/company/733/4erreaueurj1e8rz__1080_790.jpg
223,35,https://static.wanted.co.kr/images/company/733/4o06gqsiv1jcjvh3__1080_790.jpg
224,35,https://static.wanted.co.kr/images/company/733/mcxgdxfmfz1ugwxh__1080_790.jpg
225,35,https://static.wanted.co.kr/images/company/733/nolrdpzmomoaflka__1080_790.jpg
226,35,https://static.wanted.co.kr/images/company/733/ukwnn40xsrqpn5df__1080_790.jpg
227,35,https://static.wanted.co.kr/images/company/733/wpfomzue7zmomdcq__1080_790.jpg
228,35,https://static.wanted.co.kr/images/company/733/mmttx20qtsve7oa6__1080_790.jpg
229,36,https://static.wanted.co.kr/images/company/307/elaiibvmwhzozy8v__1080_790.jpg
230,36,https://static.wanted.co.kr/images/company/307/y61jftrjdfgflgoz__1080_790.jpg
231,36,https://static.wanted.co.kr/images/company/307/be71dtsim4xq2bwe__1080_790.jpg
232,36,https://static.wanted.co.kr/images/company/307/jiko4wrwm3f7pddz__1080_790.jpg
233,36,https://static.wanted.co.kr/images/company/307/dgnl1z7bbq9dictp__1080_790.jpg
234,36,https://static.wanted.co.kr/images/company/307/x6fzsrfj2xl1q37j__1080_790.jpg
235,36,https://static.wanted.co.kr/images/company/307/jl9efisk2khbwgwl__1080_790.jpg
236,36,https://static.wanted.co.kr/images/company/307/lcytczx5rvc344fo__1080_790.jpg
237,36,https://static.wanted.co.kr/images/company/307/exiymndioctlyrzx__1080_790.jpg
238,36,https://static.wanted.co.kr/images/company/307/hpx32jmwgdfjusgu__1080_790.jpg
239,37,https://static.wanted.co.kr/images/company/2218/7bj7tipaakulvyso__1080_790.jpg
240,37,https://static.wanted.co.kr/images/company/2218/vum4tb4koqezz9nw__1080_790.jpg
241,37,https://static.wanted.co.kr/images/company/2218/5a274hf5w6blreyw__1080_790.jpg
242,37,https://static.wanted.co.kr/images/company/2218/o6r3shvactlzte6i__1080_790.jpg
243,37,https://static.wanted.co.kr/images/company/2218/ty3zxjq5fvoxz8z2__1080_790.jpg
244,37,https://static.wanted.co.kr/images/company/2218/emzpdne7uy1golwp__1080_790.jpg
245,37,https://static.wanted.co.kr/images/company/2218/47hv9afplfgp2bpb__1080_790.jpg
246,37,https://static.wanted.co.kr/images/company/2218/vo30ivgtmvxkilth__1080_790.jpg
247,37,https://static.wanted.co.kr/images/company/2218/9vll38t32rfypyqd__1080_790.jpg
248,37,https://static.wanted.co.kr/images/company/2218/3hwkhyhn1ixjyi5n__1080_790.jpg
249,37,https://static.wanted.co.kr/images/company/2218/kedmkfxf1j4zp1kw__1080_790.jpg
250,38,https://static.wanted.co.kr/images/company/645/f0uuy2pkwl40cfwt__1080_790.jpg
251,38,https://static.wanted.co.kr/images/company/645/rloyl4bouqy0eg5w__1080_790.jpg
252,38,https://static.wanted.co.kr/images/company/645/7mo3cnthobv7hwbf__1080_790.jpg
253,38,https://static.wanted.co.kr/images/company/645/tnugvm2zegtyvywx__1080_790.jpg
254,38,https://static.wanted.co.kr/images/company/645/k5aah6ca3ymnvwno__1080_790.jpg
255,38,https://static.wanted.co.kr/images/company/645/nwo4rkrqcer439io__1080_790.jpg
256,39,https://static.wanted.co.kr/images/company/676/kgl86btuut28niuy__1080_790.jpg
257,39,https://static.wanted.co.kr/images/company/676/akxh8foeffnnehqs__1080_790.jpg
258,39,https://static.wanted.co.kr/images/company/676/slpzt51rfn2yjpkg__1080_790.jpg
259,39,https://static.wanted.co.kr/images/company/676/w47ryhupvggmgujy__1080_790.jpg
260,39,https://static.wanted.co.kr/images/company/676/iztdulblfgmqjqed__1080_790.jpg
261,39,https://static.wanted.co.kr/images/company/676/a4eetqezyh6cdjhx__1080_790.jpg
262,39,https://static.wanted.co.kr/images/company/676/ih5fw2kwcj1zhcbf__1080_790.jpg
263,39,https://static.wanted.co.kr/images/company/676/dj9b3r4ommzgkseh__1080_790.jpg
264,39,https://static.wanted.co.kr/images/company/676/mgjaajbap85xuhut__1080_790.jpg
265,40,https://static.wanted.co.kr/images/company/178/exjztcvmb7xp9eyk__1080_790.jpg
266,40,https://static.wanted.co.kr/images/company/178/jfqpxdelejc0yhrm__1080_790.jpg
267,40,https://static.wanted.co.kr/images/company/178/qebizeznklcykye0__1080_790.jpg
268,40,https://static.wanted.co.kr/images/company/178/x08e2vbvokfsjbkc__1080_790.jpg
269,40,https://static.wanted.co.kr/images/company/178/9zd8vntpgnvtv0qn__1080_790.jpg
270,40,https://static.wanted.co.kr/images/company/178/vpyd1dckmjw4zxxf__1080_790.png
271,40,https://static.wanted.co.kr/images/company/178/ttlbaz1sgyhl9yps__1080_790.jpg
272,41,https://static.wanted.co.kr/images/company/341/yl5idbzdlo4ykd5p__1080_790.jpg
273,41,https://static.wanted.co.kr/images/company/341/gfkplycfeehbj2t2__1080_790.jpg
274,41,https://static.wanted.co.kr/images/company/341/nabxjlpx26r35g62__1080_790.jpg
275,41,https://static.wanted.co.kr/images/company/341/ffipcajvwqocfuc9__1080_790.jpg
276,41,https://static.wanted.co.kr/images/company/341/gem6at1dlk1uysgu__1080_790.jpg
277,41,https://static.wanted.co.kr/images/company/341/omewvbazeukybbug__1080_790.jpg
278,42,https://static.wanted.co.kr/images/company/53/re6yz0s2nddynrja__1080_790.jpg
279,42,https://static.wanted.co.kr/images/company/53/fqpemairepgzuie1__1080_790.jpg
280,42,https://static.wanted.co.kr/images/company/53/anptxqcohmq9iblh__1080_790.jpg
281,42,https://static.wanted.co.kr/images/company/53/lo8dmg2vkaadvm49__1080_790.jpg
282,42,https://static.wanted.co.kr/images/company/53/whln6m1xaa3jkfph__1080_790.jpg
283,42,https://static.wanted.co.kr/images/company/53/zcaxqfhwkiw4lo4i__1080_790.jpg
284,42,https://static.wanted.co.kr/images/company/53/7fqwfmeop37t2jmm__1080_790.jpg
285,42,https://static.wanted.co.kr/images/company/53/cpun27dhu62ywo1g__1080_790.jpg
286,42,https://static.wanted.co.kr/images/company/53/rrjnenesfxnhhwf2__1080_790.jpg
287,42,https://static.wanted.co.kr/images/company/53/fwvgblyjkmp7uvag__1080_790.jpg
288,42,https://static.wanted.co.kr/images/company/53/cbs1xoktro9gb51x__1080_790.jpg
289,43,https://static.wanted.co.kr/images/company/88/bwaehyjladfzqwfl__1080_790.jpg
290,43,https://static.wanted.co.kr/images/company/88/lhkmcuvrl2qv7p9v__1080_790.jpg
291,43,https://static.wanted.co.kr/images/company/88/iwewgpv1fbkirtst__1080_790.jpg
292,43,https://static.wanted.co.kr/images/company/88/16770_2_2.fc48a2b8__1080_790.jpg
293,43,https://static.wanted.co.kr/images/company/88/16770_2_3.__1080_790.jpg
294,43,https://static.wanted.co.kr/images/company/88/16770_2_4.afe8d643__1080_790.jpg
295,44,https://static.wanted.co.kr/images/company/3059/zgxafbd4tbrucph6__1080_790.jpg
296,44,https://static.wanted.co.kr/images/company/3059/wgnzj3ukchmgyioa__1080_790.jpg
297,44,https://static.wanted.co.kr/images/company/3059/kbcmtbt4hd2ducwt__1080_790.jpg
298,44,https://static.wanted.co.kr/images/company/3059/optray79awtebonh__1080_790.jpg
299,44,https://static.wanted.co.kr/images/company/3059/iriyzw8igqfkpjul__1080_790.jpg
300,44,https://static.wanted.co.kr/images/company/3059/midpf3xb1gkk7dum__1080_790.jpg
301,44,https://static.wanted.co.kr/images/company/3059/oupw7neqlomxehjs__1080_790.jpg
302,44,https://static.wanted.co.kr/images/company/3059/djg1fkq110rl3uqb__1080_790.jpg
303,45,https://static.wanted.co.kr/images/company/136/xbdnjv9jdanifgmh__1080_790.jpg
304,45,https://static.wanted.co.kr/images/company/136/yv2f2tdrfghepdda__1080_790.jpg
305,45,https://static.wanted.co.kr/images/company/136/nym1obhulkhpuipw__1080_790.jpg
306,45,https://static.wanted.co.kr/images/company/136/wiuubij57afvxfiz__1080_790.jpg
307,45,https://static.wanted.co.kr/images/company/136/jdgxxlyttfriglpg__1080_790.jpg
308,45,https://static.wanted.co.kr/images/company/136/xxh0hgiqkhjmmx4m__1080_790.jpg
309,45,https://static.wanted.co.kr/images/company/136/bt1yetvdla0g2yy4__1080_790.jpg
310,45,https://static.wanted.co.kr/images/company/136/pjyrp4b8evvjc7qx__1080_790.jpg
311,45,https://static.wanted.co.kr/images/company/136/xnascnjqukmfcxkq__1080_790.jpg
312,45,https://static.wanted.co.kr/images/company/136/6akyhaygm05dc6g4__1080_790.jpg
313,46,https://static.wanted.co.kr/images/company/113/cyvmx05qih1vrozl__1080_790.jpg
314,46,https://static.wanted.co.kr/images/company/113/qrk40qngqhiitwq2__1080_790.jpg
315,46,https://static.wanted.co.kr/images/company/113/pklfiznijer79hb3__1080_790.jpg
316,46,https://static.wanted.co.kr/images/company/113/ivscpwi645qdgann__1080_790.jpg
317,46,https://static.wanted.co.kr/images/company/113/xemr1kbbqwkn1lwo__1080_790.jpg
318,47,https://static.wanted.co.kr/images/company/49/6z7ccs7vbkpcu03b__1080_790.jpg
319,47,https://static.wanted.co.kr/images/company/49/mnrcy3ods7g7jh6x__1080_790.jpg
320,47,https://static.wanted.co.kr/images/company/49/qm0qhmjpe0xjpapk__1080_790.jpg
321,47,https://static.wanted.co.kr/images/company/49/dpm7w7akjbepavob__1080_790.jpg
322,47,https://static.wanted.co.kr/images/company/49/2bie02jxh5sbifps__1080_790.jpg
323,47,https://static.wanted.co.kr/images/company/49/ygdivq9j41r0mh65__1080_790.jpg
324,47,https://static.wanted.co.kr/images/company/49/jiuncjacdi2xbryl__1080_790.jpg
325,47,https://static.wanted.co.kr/images/company/49/dcicbqzupjjl0miz__1080_790.jpg
326,47,https://static.wanted.co.kr/images/company/49/pbbhrz0hfx1srx7v__1080_790.jpg
327,47,https://static.wanted.co.kr/images/company/49/0nqzkcc5wecblput__1080_790.jpg
328,48,https://static.wanted.co.kr/images/company/282/oxlh5ryedmfu491t__1080_790.jpg
329,48,https://static.wanted.co.kr/images/company/282/yohacrwz8vdrngex__1080_790.jpg
330,48,https://static.wanted.co.kr/images/company/282/3b38nrau3iehu8mq__1080_790.jpg
331,48,https://static.wanted.co.kr/images/company/282/ifyuced1gnsz36t7__1080_790.jpg
332,48,https://static.wanted.co.kr/images/company/282/wyzxqtkcybc8t5hs__1080_790.jpg
333,48,https://static.wanted.co.kr/images/company/282/tbdtn5dfi4rzpkas__1080_790.jpg
334,48,https://static.wanted.co.kr/images/company/282/vmwsl6ctyi0xexzg__1080_790.jpg
335,48,https://static.wanted.co.kr/images/company/282/3gskyzzitcx2kxbr__1080_790.jpg
336,48,https://static.wanted.co.kr/images/company/282/ihnvzrhuu7id8a6h__1080_790.jpg
337,48,https://static.wanted.co.kr/images/company/282/lhd3yogvazyc5f5g__1080_790.jpg
338,48,https://static.wanted.co.kr/images/company/282/hvoxyzawdtyt63ij__1080_790.jpg
339,49,https://static.wanted.co.kr/images/company/35/ui9h6ynm7j5jizkk__1080_790.jpg
340,49,https://static.wanted.co.kr/images/company/35/e7xyndg0s5kss0zv__1080_790.jpg
341,49,https://static.wanted.co.kr/images/company/35/cvvgkmytmhmfz9hd__1080_790.jpg
342,49,https://static.wanted.co.kr/images/company/35/tyzloh2prqnrsjs5__1080_790.jpg
343,49,https://static.wanted.co.kr/images/company/35/fucp2bzx9zrv0hf1__1080_790.jpg
344,49,https://static.wanted.co.kr/images/company/35/qbjumrbo7rvzsxjp__1080_790.jpg
345,49,https://static.wanted.co.kr/images/company/35/u10o8w3gfffavjbm__1080_790.jpg
346,49,https://static.wanted.co.kr/images/company/35/isewp4ckhk4juftu__1080_790.jpg
347,49,https://static.wanted.co.kr/images/company/35/vb6wspberbq9pvt7__1080_790.jpg
348,50,https://static.wanted.co.kr/images/company/5191/u3fxbtdsr8bdjn0o__1080_790.jpg
349,50,https://static.wanted.co.kr/images/company/5191/rnunfbx2g3rpwmke__1080_790.jpg
350,51,https://static.wanted.co.kr/images/company/9495/vqxo2epypb475sns__1080_790.jpeg
351,51,https://static.wanted.co.kr/images/company/9495/wahhlm13ia0jovce__1080_790.jpeg
352,52,https://static.wanted.co.kr/images/company/9490/whpdhcfzy2toifex__1080_790.jpg
353,52,https://static.wanted.co.kr/images/company/9490/vplldq1e1bzreqxa__1080_790.jpg
354,52,https://static.wanted.co.kr/images/company/9490/zx9v2c6yeshdztsv__1080_790.jpg
355,52,https://static.wanted.co.kr/images/company/9490/sz9u2khgnh46n0lv__1080_790.jpg
356,52,https://static.wanted.co.kr/images/company/9490/lcfefebtuhpkrmee__1080_790.jpg
357,53,https://static.wanted.co.kr/images/company/7497/egmbtdyecwrsbk88__1080_790.jpg
358,53,https://static.wanted.co.kr/images/company/7497/qyfevxcshx75a6zh__1080_790.jpg
359,54,https://static.wanted.co.kr/images/company/2579/11384_2_4.1cce09e6__1080_790.jpg
360,54,https://static.wanted.co.kr/images/company/2579/a5kurg2ggzj2csbv__1080_790.jpg
361,54,https://static.wanted.co.kr/images/company/2579/11384_2_1.d443788e__1080_790.jpg
362,54,https://static.wanted.co.kr/images/company/2579/11384_2_2.dd89d287__1080_790.jpg
363,54,https://static.wanted.co.kr/images/company/2579/11384_2_3.76dff335__1080_790.jpg
364,54,https://static.wanted.co.kr/images/company/2579/11384_2_5.e93ddad0__1080_790.jpg
365,55,https://static.wanted.co.kr/images/company/9621/ogqemouai2vhnufx__1080_790.jpg
366,55,https://static.wanted.co.kr/images/company/9621/ogws2kx3ib8pii8l__1080_790.jpg
367,55,https://static.wanted.co.kr/images/company/9621/cxag5ha34yy9affv__1080_790.jpg
368,56,https://static.wanted.co.kr/images/company/8352/zjilme4ae32kez6j__1080_790.jpg
369,56,https://static.wanted.co.kr/images/company/8352/76xgngfkmhbr6wxj__1080_790.png
370,56,https://static.wanted.co.kr/images/company/8352/s2uhfvpef3gidnnl__1080_790.png
371,56,https://static.wanted.co.kr/images/company/8352/pxa7j1heaflsazbj__1080_790.png
372,56,https://static.wanted.co.kr/images/company/8352/909tm3qy65gzkdqn__1080_790.png
373,57,https://static.wanted.co.kr/images/company/9569/ohmeepv8rjdtrapa__1080_790.png
374,57,https://static.wanted.co.kr/images/company/9569/kfvilqmtod1okwmt__1080_790.png
375,57,https://static.wanted.co.kr/images/company/9569/ciglgwt6wrsslxw5__1080_790.png
376,58,https://static.wanted.co.kr/images/company/4678/fd7awwkalj93sqr5__1080_790.jpg
377,58,https://static.wanted.co.kr/images/company/4678/hru20yzvmyuw9igr__1080_790.jpg
378,58,https://static.wanted.co.kr/images/company/4678/xchprgppjnsaxsjq__1080_790.jpeg
379,59,https://static.wanted.co.kr/images/company/3606/ibxlzqnb6wizfmbz__1080_790.jpg
380,59,https://static.wanted.co.kr/images/company/3606/nahzqiwdqjmvza12__1080_790.jpg
381,59,https://static.wanted.co.kr/images/company/3606/j4cl7npdwlrdu1tt__1080_790.jpg
382,59,https://static.wanted.co.kr/images/company/3606/sbimmqjgywjy8190__1080_790.jpg
383,59,https://static.wanted.co.kr/images/company/3606/qo7l5kn1gdgubffb__1080_790.jpg
384,59,https://static.wanted.co.kr/images/company/3606/dtexefsofr7crcmw__1080_790.jpg
385,59,https://static.wanted.co.kr/images/company/3606/lseq23xipmlfjs28__1080_790.jpg
386,59,https://static.wanted.co.kr/images/company/3606/17892_2_3.23eec3de__1080_790.jpg
387,59,https://static.wanted.co.kr/images/company/3606/zm8aciwaikvqno0i__1080_790.jpg
388,59,https://static.wanted.co.kr/images/company/3606/zvqstgp4ylz8ibnn__1080_790.jpg
389,59,https://static.wanted.co.kr/images/company/3606/fyqfntcfhozxm5m8__1080_790.jpg
390,60,https://static.wanted.co.kr/images/company/3843/rrykqy5w7bpjtk30__1080_790.jpg
391,60,https://static.wanted.co.kr/images/company/3843/8hpsyztr9lf4jwis__1080_790.jpg
392,60,https://static.wanted.co.kr/images/company/3843/14376_2_0.30b4e525__1080_790.jpg
393,61,https://static.wanted.co.kr/images/company/137/17890_2_0.__1080_790.jpg
394,61,https://static.wanted.co.kr/images/company/137/17890_2_1.__1080_790.jpg
395,61,https://static.wanted.co.kr/images/company/137/17890_2_2.__1080_790.jpg
396,61,https://static.wanted.co.kr/images/company/137/17890_2_3.__1080_790.jpg
397,61,https://static.wanted.co.kr/images/company/137/17890_2_4.__1080_790.jpg
398,61,https://static.wanted.co.kr/images/company/137/17890_2_5.__1080_790.jpg
399,61,https://static.wanted.co.kr/images/company/137/17890_2_6.__1080_790.jpg
400,61,https://static.wanted.co.kr/images/company/137/17890_2_7.__1080_790.jpg
401,61,https://static.wanted.co.kr/images/company/137/17890_2_8.__1080_790.jpg
402,61,https://static.wanted.co.kr/images/company/137/17890_2_9.__1080_790.jpg
403,61,https://static.wanted.co.kr/images/company/137/17890_2_10.__1080_790.jpg
404,62,https://static.wanted.co.kr/images/company/102/vajfz5ehm3np2dnc__1080_790.jpg
405,62,https://static.wanted.co.kr/images/company/102/usbtkcidiywkknvt__1080_790.jpg
406,62,https://static.wanted.co.kr/images/company/102/daojwc9netq3kywv__1080_790.jpg
407,62,https://static.wanted.co.kr/images/company/102/noaoojxmgdfswpl7__1080_790.jpg
408,62,https://static.wanted.co.kr/images/company/102/nqygyabu1l2lwr7u__1080_790.jpg
409,62,https://static.wanted.co.kr/images/company/102/3tv8ntfgmmpayupu__1080_790.jpg
410,62,https://static.wanted.co.kr/images/company/102/gyjn4eehniptxfjb__1080_790.jpg
411,62,https://static.wanted.co.kr/images/company/102/7nx9pebb3gabcngm__1080_790.jpg
412,62,https://static.wanted.co.kr/images/company/102/ii55mrqpupvgqkaf__1080_790.jpg
413,62,https://static.wanted.co.kr/images/company/102/wne7tryh8himhnlf__1080_790.jpg
414,62,https://static.wanted.co.kr/images/company/102/lpql1c4liqwjjgil__1080_790.jpg
415,62,https://static.wanted.co.kr/images/company/102/4alqskjziasvdxiw__1080_790.jpg
416,63,https://static.wanted.co.kr/images/company/94/17213_2_0.__1080_790.jpg
417,63,https://static.wanted.co.kr/images/company/94/17213_2_1.__1080_790.jpg
418,64,https://static.wanted.co.kr/images/company/7654/7cjx9qgxdqcprud9__1080_790.jpg
419,64,https://static.wanted.co.kr/images/company/7654/hy5ynxfzczzqevtt__1080_790.jpg