id,job_categories_id,name
1,1,식품 MD
2,1,요리사
3,1,외식업 종사자
4,1,바텐더
5,1,외식업 메뉴 개발자
6,1,레스토랑 관리자
7,1,영양사
8,1,제과제빵사
9,2,서버 개발자
10,2,웹 개발자
11,2,프론트엔드 개발자
12,2,자바 개발자
13,2,안드로이드 개발자
14,2,iOS 개발자
15,2,파이썬 개발자
16,2,데이터 엔지니어
17,2,DevOps / 시스템 관리자
18,2,Node.js 개발자
19,2,"시스템, 네트워크 관리자"
20,2,"C,C++ 개발자"
21,2,머신러닝 엔지니어
22,2,개발 매니저
23,2,데이터 사이언티스트
24,2,빅데이터 엔지니어
25,2,프로덕트 매니저
26,2,기술지원
27,2,PHP 개발자
28,2,보안 엔지니어
29,2,"QA,테스트 엔지니어"
30,2,.NET 개발자
31,2,웹 퍼블리셔
32,2,루비온레일즈 개발자
33,2,"영상, 음성 엔지니어"
34,2,"CTO,Chief Technology Officer"
35,2,임베디드 개발자
36,2,블록체인 플랫폼 엔지니어
37,2,하드웨어 엔지니어
38,2,그래픽스 엔지니어
39,2,BI 엔지니어
40,2,"CIO,Chief Information Officer"
41,3,유지보수 관리자
42,3,견적 기술자
43,3,현장 소장
44,3,건축가
45,3,목수
46,3,중장비 기술자
47,3,정비공
48,3,관리인
49,3,전기 기술자
50,3,인스톨러
51,3,페인터
52,3,플랜트 관리자
53,3,용접기사
54,3,배관공
55,3,연관공
56,3,측량기사
57,4,게임 클라이언트 개발자
58,4,유니티 개발자
59,4,게임 아티스트
60,4,게임 서버 개발자
61,4,게임 기획자
62,4,모바일 게임 개발자
63,4,게임 그래픽 디자이너
64,4,언리얼 개발자
65,4,게임운영자(GM)
66,5,서비스 기획자
67,5,"사업개발,기획자"
68,5,프로젝트 매니저
69,5,전략 기획자
70,5,운영 매니저
71,5,데이터 분석가
72,5,경영지원 담당자
73,5,회계원/경리
74,5,건설턴트
75,5,총무
76,5,리스크 관리 전문가
77,5,조직관리 전문가
78,5,오피스 관리 담당자
79,5,경영 혁신가
80,5,"CFO,Chief Financial Officer"
81,5,구매 담당자
82,5,"COO,Chief Operation Officer"
83,5,지역 관리 매니저
84,5,"CSO,Chief Strategy Officer"
85,5,안내원
86,5,비서
87,5,지점장
88,5,"CEO,Chief Executive Officer"
89,6,MD
90,6,CS 매니저
91,6,CS 어드바이저
92,6,리테일 MD
93,6,CRM 전문가
94,6,매장점원
95,6,패션 MD
96,6,매장 관리자
97,6,인바운드 텔레마케터
98,6,여행 에이전트
99,6,가맹점 관리자
100,6,VMD
101,6,이벤트 기획자
102,6,아웃바운드 텔레마케터
103,6,헤어 디자이너
104,6,헬스케어매니저
105,6,승무원
106,6,AS 기술자
107,6,플로리스트
108,6,피부관리사
109,7,UX 디자이너
110,7,"UI,GUI 디자이너"
111,7,웹 디자이너
112,7,그래픽 디자이너
113,7,모바일 디자이너
114,7,제품 디자이너
115,7,BI/BX 디자이너
116,7,"영상,모션 디자이너"
117,7,광고 디자이너
118,7,아트 디렉터
119,7,공간 디자이너
120,7,2D 디자이너
121,7,3D 디자이너
122,7,일러스트레이터
123,7,인테리어 디자이너
124,7,패션 디자이너
125,7,산업 디자이너
126,7,캐릭터 디자이너
127,7,"출판, 편집 디자이너"
128,7,조경 디자이너
129,8,디지털 마케터
130,8,마케터
131,8,마케팅 전략 기획자
132,8,콘텐츠 마케터
133,8,브랜디 마케터
134,8,소셜 마케팅
135,8,그로스 해커
136,8,마케팅 디렉터
137,8,광고 기획자(AE)
138,8,PR 전문가
139,8,모바일 마케팅 전문가
140,8,글로벌 마케팅
141,8,키워드 광고 전문가
142,8,카피라이터
143,8,마켓 리서처
144,8,제휴 전문가
145,8,"CMO,Chief Marketing Officer"
146,8,ATL 마케터
147,8,BTL 마케터
148,8,"CBO,Chief Brand Officer"
149,8,Sports 전문가
150,9,물류 담당자
151,9,물류 분석가
152,9,운송 관리자
153,9,웨어하우스 전문가
154,9,배송 담당자
155,9,"선적,발송 사무원"
156,9,무역사무
157,9,디젤 정비공
158,9,운행 관리원
159,9,지게차 운전사
160,9,운전기사
161,9,화물트럭 운전기사
162,9,항공 운송 전문가
163,9,"해운,해양 운송 전문가"
164,9,보세 운송 전문가
165,10,콘텐츠 크리에이터
166,10,영상 편집가
167,10,프로듀서
168,10,에디터
169,10,비디오 제작
170,10,작가
171,10,음향 엔지니어
172,10,출판 기획자
173,10,통번역 전문가
174,10,사진작가
175,10,큐레이터
176,10,리포터
177,10,라이센스 관리자
178,10,저널리스트
179,11,법무담당자
180,11,법무 자문위원
181,11,변호사
182,11,법무사
183,11,수사관
184,11,보호 관찰관
185,11,경찰관
186,11,보안요원
187,11,경호원
188,11,법무관
189,12,자동차 공학자
190,12,기계 엔지니어
191,12,전기 엔지니어
192,12,전기기계 공학자
193,12,제품 엔지니어
194,12,제어 엔지니어
195,12,전자 엔지니어
196,12,생산공학 엔지니어
197,12,전자계전 엔지니어
198,12,재료공학자
199,12,도면 담당자
200,12,설비 엔지니어
201,12,프로젝트 엔지니어
202,12,QC 엔지니어
203,12,고압셜계 엔지니어
204,12,QA 엔지니어
205,12,화학공학 엔지니어
206,12,토목 엔지니어
207,12,건설 엔지니어
208,12,환경 엔지니어
209,12,인허가 담당 엔지니어
210,12,환경 안전기사
211,12,소방안전 기술자
212,12,지리정보시스템 전문가
213,12,I&C 엔지니어
214,12,선박 공학자
215,12,석유공학 엔지니어
216,12,배관설계 엔지니어
217,12,공정 엔지니어
218,12,사업수주 엔지니어
219,12,구조공학 엔지니어
220,12,항공우주 공학자
221,12,농업 공학자
222,12,유전 공학자
223,12,생물의학자
224,12,보일러 엔지니어
225,12,세라믹 엔지니어
226,12,시운전 엔지니어
227,12,도면 작성가
228,12,시추 엔지니어
229,12,장비 엔지니어
230,12,지리학자
231,12,지질공학자
232,12,보건안전 엔지니어
233,12,산업 엔지니어
234,12,해양공학자
235,12,금속공학자
236,12,광산기술자
237,12,광산 안전 기술자
238,12,원자력 공학자
239,12,플랜트 엔지니어
240,12,플라스틱 엔지니어
241,12,저수처리 엔지니어
242,12,RF 엔지니어
243,12,회전기계 엔지니어
244,12,터빈공학자
245,13,기업영덥 담당자
246,13,기술영업 담당자
247,13,영업 관리자
248,13,외부영업 전문가
249,13,솔루션 컨설턴트
250,13,주요고객사 담당자
251,13,해외영업 전문가
252,13,고객성공매니저
253,13,내부영업 전문가
254,13,제약영업 전문가
255,13,미디어 세일즈
256,13,세일즈 엔지니어
257,13,의료기기 영업 전문가
258,14,연구원
259,14,생명공학 연구원
260,14,미생물학자
261,14,임상시험 연구원
262,14,임상시험 간호사
263,14,유전공학자
264,14,증례 관리자
265,14,간호사
266,14,수의학 전문가
267,14,수의사
268,14,약학 분석 화학자
269,14,치과 위생사
270,14,간병인
271,14,조무사
272,14,임상 병리사
273,14,작업 치료사
274,14,물리 치료사
275,14,호흡장애 치료사
276,14,의사
277,14,간호 조무사
278,14,치과의사
279,14,검안사
280,14,연구실 기사
281,14,약사
282,14,약사 보조원
283,14,한의사
284,14,방사선사
285,15,인사 담당자
286,15,조직 관리 전문가
287,15,리크루터
288,15,인사평가 전문가
289,15,"HRD, 교육 전문가"
290,15,"급여, 보상 전문가"
291,15,HRBP
292,15,"강연,강의,강사"
293,15,"노무,노사 전문가"
294,15,헤드헌트
295,15,HR 컨설턴트
296,15,교사
297,15,E-러닝 전문가
298,15,기술 교육가
299,15,교수
300,16,카운셀러
301,16,정보 분석가
302,16,공무원
303,16,직업군인
304,16,소방관
305,16,환경 전문가
306,16,인명 구조원
307,16,지역 전문가
308,16,자원봉사자
309,16,사회복지사
310,17,품질 관리자
311,17,생산 관리자
312,17,제조 엔지니어
313,17,테스트 엔지니어
314,17,공정 관리자
315,17,"기계,설비조작"
316,17,기계제작 기술자
317,17,안전 관리자
318,17,화학자
319,17,자재 관리자
320,17,생산직 종사자
321,17,조립 기술자
322,18,회계 담당자
323,18,재무 분석가
324,18,"회계사, 회계원"
325,18,CPA
326,18,자산관리사
327,18,IR
328,18,애널리스트
329,18,자산운용가
330,18,세무사
331,18,회계 감사관
332,18,부동산 중개사
333,18,투자은행가
334,18,준법감시인
335,18,청구 담당자
336,18,투자 증권 전문가
337,18,부동산 자산 관리자
338,18,금융공학자
339,18,계리사
340,18,언더라이터
341,18,감정평가사
342,18,트레이더
343,18,보험에이전트
344,18,손해사정관