id,name,categories_id
1,연봉업계평균이상,1
2,연봉상위1%,1
3,연봉상위5%,1
4,연봉상위10%,1
5,연봉상위20%,1
6,인원성장,1
7,인원급성장,1
8,50명이하,1
9,300명이하,1
10,"1,000명이하",1
11,"10,000명이하",1
12,"10,001명이상",1
13,설립3년이하,1
14,설립10년미만,1
15,설립10년이상,1
16,퇴사율5%이하,1
17,퇴사율10%이하,1
18,누적투자100억이상,1
19,수평적조직,2
20,스타트업,2
21,자율복장,2
22,워크샵,2
23,반려동물,2
24,야근없음,3
25,유연근무,3
26,주35시간,3
27,주4일근무,3
28,성과급,4
29,상여금,4
30,연말보너스,4
31,스톡옵션,4
32,Macbook,5
33,iMac,5
34,노트북,5
35,통신비,5
36,교육비,6
37,직무교육,6
38,도서구매비,6
39,세미나참가비,6
40,컨퍼런스참가비,6
41,자기계발,6
42,스터디지원,6
43,어학교육,6
44,해외연수,6
45,사내카페,7
46,사내식당,7
47,주차,7
48,수면실,7
49,휴게실,7
50,헬스장,7
51,위워크,7
52,수유실,7
53,안마의자,7
54,어린이집,8
55,보육시설,8
56,생일선물,8
57,결혼기념일,8
58,조식제공,9
59,중식제공,9
60,석식제공,9
61,시리얼,9
62,식비,9
63,간식,10
64,음료,10
65,맥주,10
66,커피,10
67,와인,10
68,샐러드,10
69,과일,10
70,의료비,11
71,건강검진,11
72,단체보험,11
73,동호회,12
74,복지포인트,12
75,운동비,12
76,문화비,12
77,육아휴직,13
78,출산휴가,13
79,리프레시휴가,13
80,택시비,14
81,차량지원,14
82,재택근무,14
83,원격근무,14
84,셔틀버스,14
85,기숙사,15
86,사택,15
87,인공지능,16
88,IoT,16
89,핀테크,16
90,푸드테크,16
91,산업기능요원,17
92,전문연구요원,17
93,대출지원,17